accuracy,precision,recall,f1,roc_auc,TP,FP,TN,FN,modelo,Costo_FN5_FP1,Costo_FN10_FP1,Costo_FN3_FP1
0.851,0.889955214331414,0.916941331575478,0.9032467532467533,0.8933897539411857,1391,172,311,126,GradientBoosting,802,1432,550
0.841,0.8768070395977373,0.9195781147000659,0.8976833976833977,0.8924473632851151,1395,196,287,122,RedNeuronal_MLP,806,1416,562
0.8435,0.9106412005457026,0.8800263678312459,0.8950720750921891,0.884760840222134,1335,131,352,182,RandomForest,1041,1951,677
